{
  "1": {
    "tx": 0.656934306569343,
    "ty": 0.24473257698541329,
    "ox": 0.609845031905196,
    "oy": 0.3095623987034036,
    "name": "ID:1"
  },
  "2": {
    "tx": 0.7530413625304136,
    "ty": 0.15559157212317667,
    "ox": 0.6709206927985415,
    "oy": 0.21555915721231766,
    "name": "ID:2"
  },
  "3": {
    "tx": 0.8381995133819952,
    "ty": 0.14748784440842788,
    "ox": 0.7329079307201458,
    "oy": 0.20421393841166938,
    "name": "ID:3"
  },
  "4": {
    "tx": 0.8807785888077859,
    "ty": 0.24473257698541329,
    "ox": 0.763901549680948,
    "oy": 0.2852512155591572,
    "name": "ID:4"
  },
  "5": {
    "tx": 0.7700729927007299,
    "ty": 0.24149108589951376,
    "ox": 0.682771194165907,
    "oy": 0.2965964343598055,
    "name": "ID:5"
  },
  "6": {
    "tx": 0.24817518248175183,
    "ty": 0.30307941653160453,
    "ox": 0.35004557885141296,
    "oy": 0.3225283630470016,
    "name": "ID:6"
  },
  "7": {
    "tx": 0.38077858880778587,
    "ty": 0.293354943273906,
    "ox": 0.43208751139471285,
    "oy": 0.35170178282009723,
    "name": "ID:7"
  },
  "8": {
    "tx": 0.44282238442822386,
    "ty": 0.26418152350081037,
    "ox": 0.47766636280765723,
    "oy": 0.3225283630470016,
    "name": "ID:8"
  },
  "9": {
    "tx": 0.17518248175182483,
    "ty": 0.2917341977309562,
    "ox": 0.30264357338195075,
    "oy": 0.31442463533225284,
    "name": "ID:9"
  },
  "10": {
    "tx": 0.9343065693430657,
    "ty": 0.13452188006482982,
    "ox": 0.7994530537830447,
    "oy": 0.19773095623987033,
    "name": "ID:10"
  },
  "11": {
    "tx": 0.4517,
    "ty": 0.1578,
    "ox": 0.4517,
    "oy": 0.1578,
    "name": "P11-\u0110i\u1EC3m nhi\u1EC7t"
  },
  "12": {
    "tx": 0.3399,
    "ty": 0.8137,
    "ox": 0.3727,
    "oy": 0.8137,
    "name": "P12"
  },
  "13": {
    "tx": 0.6582,
    "ty": 0.0651,
    "ox": 0.9417,
    "oy": 0.0952,
    "name": "p13"
  },
  "14": {
    "tx": 0.2694,
    "ty": 0.7791,
    "ox": 0.2694,
    "oy": 0.7791,
    "name": "p14"
  },
  "15": {
    "tx": 0.6433,
    "ty": 0.5902,
    "ox": 0.5586,
    "oy": 0.3976,
    "name": "p15"
  },
  "16": {
    "tx": 0.9065,
    "ty": 0.4541,
    "ox": 0.9065,
    "oy": 0.4541,
    "name": "p16"
  },
  "321321": {
    "tx": 0.7516,
    "ty": 0.5223,
    "ox": 0.7703,
    "oy": 0.5559,
    "name": "321321"
  },
  "111": {
    "tx": 0.699,
    "ty": 0.5376,
    "ox": 0.699,
    "oy": 0.5376,
    "name": "111"
  },
  "17": {
    "tx": 0.436,
    "ty": 0.6344,
    "ox": 0.436,
    "oy": 0.6344,
    "name": "p17"
  },
  "18": {
    "tx": 0.2345,
    "ty": 0.6378,
    "ox": 0.2345,
    "oy": 0.6378,
    "name": "p18"
  },
  "19": {
    "tx": 0.1797,
    "ty": 0.4481,
    "ox": 0.0659,
    "oy": 0.5207,
    "name": "p19"
  }
}